id,name,category,glass,alcoholic,instructions,ingredient1,measure1,ingredient2,measure2,ingredient3,measure3
17222,"A1","Cocktail","Cocktail glass","Alcoholic","Pour all ingredients into a cocktail shaker, mix and serve over ice into a chilled glass.","Gin","1 3/4 shot ","Grand Marnier","1 Shot ","Lemon Juice","1/4 Shot"
13501,"ABC","Shot","Shot glass","Alcoholic","Layered in a shot glass.","Amaretto","1/3 ","Baileys irish cream","1/3 ","Cognac","1/3 "
17225,"Ace","Cocktail","Martini Glass","Alcoholic","Shake all the ingredients in a cocktail shaker and ice then strain in a cold glass.","Gin","2 shots ","Grenadine","1/2 shot ","Heavy cream","1/2 shot "
14610,"ACID","Shot","Shot glass","Alcoholic","Poor in the 151 first followed by the 101 served with a Coke or Dr Pepper chaser.","151 proof rum","1 oz Bacardi ","Wild Turkey","1 oz ","",""
13938,"AT&T","Ordinary Drink","Highball Glass","Alcoholic","Pour Vodka and Gin over ice, add Tonic and Stir","Absolut Vodka","1 oz ","Gin","1 oz ","Tonic water","4 oz "
17837,"Adam","Ordinary Drink","Cocktail glass","Alcoholic","In a shaker half-filled with ice cubes, combine all of the ingredients. Shake well. Strain into a cocktail glass.","Dark rum","2 oz ","Lemon juice","1 oz ","Grenadine","1 tsp "
17833,"A. J.","Ordinary Drink","Cocktail glass","Alcoholic","Shake ingredients with ice, strain into a cocktail glass, and serve.","Applejack","1 1/2 oz ","Grapefruit juice","1 oz ","",""
17839,"Affair","Ordinary Drink","Highball glass","Alcoholic","Pour schnapps, orange juice, and cranberry juice over ice in a highball glass. Top with club soda and serve.","Strawberry schnapps","2 oz ","Orange juice","2 oz ","Cranberry juice","2 oz "
15266,"Avalon","Ordinary Drink","Highball glass","Alcoholic","Fill a tall glass with ice. Layer the Finlandia Vodka, lemon and apple juices, Pisang Ambon, and top up with lemonade. Stir slightly and garnish with a spiralled cucumber skin and a red cherry. The cucumber provides zest and looks attractive. This drink, created by Timo Haimi, took first prize in the 1991 Finlandia Vodka Long Drink Competition.","Vodka","3 parts","Pisang Ambon","1 part ","Apple juice","6 parts "
15106,"Apello","Other / Unknown","Collins Glass","Non alcoholic","Stirr. Grnish with maraschino cherry.","Orange juice","4 cl ","Grapefruit juice","3 cl ","Apple juice","1 cl "
11023,"Almeria","Ordinary Drink","Cocktail glass","Alcoholic","In a shaker half-filled with ice cubes, combine all of the ingredients. Shake well. Strain into a cocktail glass.","Dark rum","2 oz ","Kahlua","1 oz ","Egg white","1 "
17835,"Abilene","Ordinary Drink","Highball glass","Alcoholic","Pour all of the ingredients into a highball glass almost filled with ice cubes. Stir well.","Dark rum","1 1/2 oz ","Peach nectar","2 oz ","Orange juice","3 oz "
17228,"Addison","Cocktail","Martini Glass","Alcoholic","Shake together all the ingredients and strain into a cold glass.","Gin","1 1/2 shot ","Vermouth","1 1/2 shot ","",""
17180,"Aviation","Cocktail","Cocktail glass","Alcoholic","Add all ingredients into cocktail shaker filled with ice. Shake well and strain into cocktail glass. Garnish with a cherry.","Gin","4.5 cl","lemon juice","1.5 cl","maraschino liqueur","1.5 cl"
11046,"Applecar","Ordinary Drink","Cocktail glass","Alcoholic","Shake all ingredients with ice, strain into a cocktail glass, and serve.","Applejack","1 oz ","Triple sec","1 oz ","Lemon juice","1 oz "
17840,"Affinity","Ordinary Drink","Cocktail glass","Alcoholic","In a mixing glass half-filled with ice cubes, combine all of the ingredients. Stir well. Strain into a cocktail glass.","Scotch","1 1/2 oz ","Sweet Vermouth","1 oz ","Dry Vermouth","1 oz "
17836,"Acapulco","Ordinary Drink","Old-fashioned glass","Alcoholic","Combine and shake all ingredients (except mint) with ice and strain into an old-fashioned glass over ice cubes. Add the sprig of mint and serve.","Light rum","1 1/2 oz ","Triple sec","1 1/2 tsp ","Lime juice","1 tblsp "
11014,"Alexander","Ordinary Drink","Cocktail glass","Alcoholic","Shake all ingredients with ice and strain contents into a cocktail glass. Sprinkle nutmeg on top and serve.","Gin","1/2 oz ","Creme de Cacao","1/2 oz white ","Light cream","2 oz "
16419,"Avalanche","Shake","Highball glass","Alcoholic","Mix in highball glass over ice, shake well.","Crown Royal","1 shot ","Kahlua","1 shot ","Cream","Fill with "
11021,"Allegheny","Ordinary Drink","Cocktail glass","Alcoholic","Shake all ingredients (except lemon peel) with ice and strain into a cocktail glass. Top with the twist of lemon peel and serve.","Dry Vermouth","1 oz ","Bourbon","1 oz ","Blackberry brandy","1 1/2 tsp "
15941,"Americano","Ordinary Drink","Collins glass","Alcoholic","Pour the Campari and vermouth over ice into glass, add a splash of soda water and garnish with half orange slice.","Campari","1 oz ","Sweet Vermouth","1 oz red ","Lemon peel","Twist of "
11020,"Algonquin","Ordinary Drink","Cocktail glass","Alcoholic","Combine and shake all ingredients with ice, strain contents into a cocktail glass, and serve.","Blended whiskey","1 1/2 oz ","Dry Vermouth","1 oz ","Pineapple juice","1 oz "
11055,"Artillery","Ordinary Drink","Cocktail glass","Alcoholic","Stir all ingredients with ice, strain into a cocktail glass, and serve.","Sweet Vermouth","1 1/2 tsp ","Gin","1 1/2 oz ","Bitters","2 dashes "
12560,"Afterglow","Cocktail","Highball Glass","Non alcoholic","Mix. Serve over ice.","Grenadine","1 part ","Orange juice","4 parts ","Pineapple juice","4 parts "
17227,"Addington","Cocktail","Cocktail glass","Alcoholic","Mix both the vermouth's in a shaker and strain into a cold glass. Top up with a squirt of Soda Water. ","Sweet Vermouth","2 shots ","Dry Vermouth","1 shot ","Soda Water","Top up with
"
15853,"B-52","Shot","Shot glass","Alcoholic","Layer ingredients into a shot glass. Serve with a stirrer.","Baileys irish cream","1/3 ","Grand Marnier","1/3 ","Kahlua","1/4 "
13332,"B-53","Shot","Collins Glass","Alcoholic","Layer the Kahlua, Sambucca and Grand Marnier into a shot glas in that order. Better than B-52","Kahlua","1/3 shot ","Sambuca","1/3 shot ","Grand Marnier","1/3 shot "
17254,"Bijou","Cocktail","Cocktail glass","Alcoholic","Stir in mixing glass with ice and strain ","Orange Bitters","1 dash","Green Chartreuse","1 oz","Gin","1 oz"
11149,"Boxcar","Ordinary Drink","Whiskey sour glass","Alcoholic","In a shaker half-filled with ice cubes, combine all of the ingredients. Shake well. Strain into a sour glass.","Gin","1 1/2 oz ","Triple sec","1 oz ","Lemon juice","1 tsp "
13222,"Big Red","Shot","Shot glass","Alcoholic","Pour ingredients into 1 ounce shot glass","Irish cream","1/2 oz ","Goldschlager","1/2 oz ","",""
17195,"Bellini","Ordinary Drink","Champagne Flute","Alcoholic","Pour peach purée into chilled flute, add sparkling wine. Stir gently.","Champagne","6 oz ","Peach schnapps","1 oz ","",""
17210,"Bramble","Ordinary Drink","Old-Fashioned glass","Alcoholic","Fill glass with crushed ice. Build gin, lemon juice and simple syrup over. Stir, and then pour blackberry liqueur over in a circular fashion to create marbling effect. Garnish with two blackberries and lemon slice.","Gin","4 cl","lemon juice","1.5 cl","Sugar syrup","1 cl"
11060,"Balmoral","Ordinary Drink","Cocktail glass","Alcoholic","In a mixing glass half-filled with ice cubes, combine all of the ingredients. Stir well. Strain into a cocktail glass.","Scotch","1 1/2 oz ","Sweet Vermouth","1/2 oz ","Dry Vermouth","1/2 oz "
11120,"Bluebird","Ordinary Drink","Cocktail glass","Alcoholic","In a mixing glass half-filled with crushed ice, combine the gin, triple sec, Curacao, and bitters. Stir well. Strain into a cocktail glass and garnish with the lemon twist and the cherry.","Gin","1 1/2 oz ","Triple sec","1/2 oz ","Blue Curacao","1/2 oz "
178310,"Brooklyn","Cocktail","Cocktail glass","Alcoholic","Combine ingredients with ice and stir until well-chilled. Strain into a chilled cocktail glass.","Rye Whiskey","2 oz","Dry Vermouth","1 oz","Maraschino Liqueur","1/4 oz"
12572,"Bora Bora","Cocktail","Highball glass","Non alcoholic","Prepare in a blender or shaker, serve in a highball glass on the rocks. Garnish with 1 slice of pineapple and one cherry.","Pineapple juice","10 cl ","Passion fruit juice","6 cl ","Lemon juice","1 cl "
11124,"Boomerang","Ordinary Drink","Cocktail glass","Alcoholic","In a mixing glass half-filled with ice cubes, combine the gin, vermouth, bitters, and maraschino liqueur. Stir well. Strain into a cocktail glass and garnish with the cherry.","Gin","2 oz ","Dry Vermouth","1/2 oz ","Bitters","2 dashes "
17209,"Barracuda","Ordinary Drink","Margarita glass","Alcoholic","Shake pour ingredients with ice. Strain into glass, top with Sparkling wine.","Rum","4.5 cl","Galliano","1.5 cl","Pineapple Juice","6 cl"
17825,"Brigadier","Cocktail","Coupe Glass","Alcoholic","Mix ingredients in a warmed mug and stir.","Hot Chocolate","4 oz","Green Chartreuse","1 oz","Cherry Heering","1 oz"
178311,"Broadside","Cocktail","Highball glass","Alcoholic","Half fill the glass with ice cubes. Crush the wormwood and add to ice. Pour rum, scotch and butters, then serve!","151 proof rum","1 shot","Scotch","1/2 shot","Bitters","3 drops"
17035,"Buccaneer","Beer","Beer pilsner","Alcoholic","Pour the corona into an 18oz beer glass pour the bacardi limon into the beer stir very gently","Corona","1 ","Bacardi Limon","1 shot ","",""
17120,"Brain Fart","Punch / Party Drink","Punch bowl","Alcoholic","Mix all ingredients together. Slowly and gently. Works best if ice is added to punch bowl and soda's are very cold.","Everclear","1 fifth ","Vodka","1 fifth Smirnoff red label ","Mountain Dew","2 L "
11106,"Blackthorn","Ordinary Drink","Cocktail glass","Alcoholic","Stir sloe gin and vermouth with ice and strain into a cocktail glass. Add the twist of lemon peel and serve.","Sweet Vermouth","1 oz ","Sloe gin","1 1/2 oz ","Lemon peel","1 twist of "
13395,"Bob Marley","Shot","Shot glass","Alcoholic","Layer in a 2 oz shot glass or pony glass","Midori melon liqueur","1/2 oz ","Jägermeister","1/2 oz ","Goldschlager","1/2 oz "
16986,"Bible Belt","Other / Unknown","Highball glass","Alcoholic","Mix all ingredients, and pour over ice.","Southern Comfort","2 oz ","Triple sec","1/2 oz ","Lime","2 wedges "
14730,"Bubble Gum","Shot","Shot glass","Alcoholic","Layer in order into a shot glass.","Vodka","1/4 ","Banana liqueur","1/4 ","Orange juice","1/4 "
14538,"Bumble Bee","Shot","Shot glass","Alcoholic","This is a layered shot. First pour the Bailey's into the shot glass. Then take an upside down spoon and touch it to the inside wall of the glass. Carefully add the Kahlua. Repeat this process for the Sambuca. If done properly, the alcohol will stay separated and resemble a bumble bee. Enjoy!!!","Baileys irish cream","1/3 oz ","Kahlua","1/3 oz ","Sambuca","1/3 oz "
15511,"Baby Eskimo","Shake","Collins Glass","Alcoholic","Leave ice-cream out for about 10 minutes. Add ingredients in order, stir with chopstick (butter knife or spoon works too). Consume immediately and often. Nice and light, great for following a heavy drink.","Kahlua","2 oz ","Milk","8 oz ","Vanilla ice-cream","2 scoops "
11129,"Boston Sour","Ordinary Drink","Whiskey sour glass","Alcoholic","Shake juice of lemon, powdered sugar, blended whiskey, and egg white with cracked ice and strain into a whiskey sour glass. Add the slice of lemon, top with the cherry, and serve.","Blended whiskey","2 oz ","Lemon","Juice of 1/2 ","Powdered sugar","1 tsp "
17267,"Bahama Mama","Cocktail","Highball glass","Alcoholic","Add 2 parts club soda or more or less to taste.  Mix it all together and pour over a bunch of ice. Drink with a straw.","Rum","3 parts","Dark Rum","1 part","Banana liqueur","1 part"
178352,"Frosé","Cocktail","Cocktail glass","Alcoholic","Step 1 Pour rosé into a 13x9 pan and freeze until almost solid (it won't completely solidify due to the alcohol), at least 6 hours.  Step 2 Meanwhile, bring sugar and ½ cup water to a boil in a medium saucepan; cook, stirring constantly, until sugar dissolves, about 3 minutes. Add strawberries, remove from heat, and let sit 30 minutes to infuse syrup with strawberry flavor. Strain through a fine-mesh sieve into a small bowl (do not press on solids); cover and chill until cold, about 30 minutes.","Rose","750 ml","Sugar","1/2 cup","Strawberries","8 oz"
12768,"Frappé","Coffee / Tea","Highball Glass","Non alcoholic","Mix together. Blend at highest blender speed for about 1 minute. Pour into a glass and drink with a straw. Notes: This works best if everything is cold (if you make fresh coffee, mix it with the milk and let it sit in the fridge for 1/2 hour. If it is not frothy, add more milk, or even just some more milk powder. The froth gradually turns to liquid at the bottom of the glass, so you will find that you can sit and drink this for about 1/2 hour, with more iced coffee continually appearing at the b","Coffee","1/2 cup black ","Milk","1/2 cup ","Sugar","1-2 tsp "
11375,"Foxy Lady","Ordinary Drink","Cocktail glass","Alcoholic","Shake all ingredients with ice, strain into a chilled cocktail glass, and serve.","Amaretto","1/2 oz ","Creme de Cacao","1/2 oz ","Light cream","2 oz "
17197,"French 75","Ordinary Drink","Collins glass","Alcoholic","Combine gin, sugar, and lemon juice in a cocktail shaker filled with ice. Shake vigorously and strain into a chilled champagne glass. Top up with Champagne. Stir gently.","Gin","1 1/2 oz ","Sugar","2 tsp superfine ","Lemon juice","1 1/2 oz "
178344,"Figgy Thyme","Cocktail","Highball glass","Alcoholic","In a lewis bag, crush up some ice like a baller/maniac (@glacioice). Pour your precious ice into a collins glass. In a cocktail shaker, muddle the figs and thyme together. Add honey vodka, lemon juice, and a large ice cube (@glacioice). Shake until well chilled, and strain into glass. Add tonic water and finally 2 dashes of angostura bitters. Garnish with sliced figs and thyme.","Vodka","2 oz","Honey","1 tsp","Figs","3"
11382,"Frisco Sour","Ordinary Drink","Whiskey sour glass","Alcoholic","Shake all ingredients (except slices of lemon and lime) with ice and strain into a whiskey sour glass. Decorate with the slices of lemon and lime and serve.","Blended whiskey","2 oz ","Benedictine","1/2 oz ","Lemon","Juice of 1/4 "
12674,"Fruit Shake","Other / Unknown","Highball Glass","Non alcoholic","Blend til smooth.","Yoghurt","1 cup fruit ","Banana","1 ","Orange juice","4 oz frozen "
12670,"Fruit Cooler","Other / Unknown","Highball Glass","Non alcoholic","Toss strawberries with sugar, and let sit overnight in refrigerator. Cut lemon, reserve two slices. Juice the rest. Mix together the lemon juice, strawberries, apple juice, and soda water. Add slices of lemon (decor, really). In glasses, put ice cubes, and a slice of apple. Pour drink in, and serve.","Apple juice","1 can frozen ","Strawberries","1 cup ","Sugar","2 tblsp "
14688,"Freddy Kruger","Shot","Shot glass","Alcoholic","make it an ample size shot!!","Jägermeister","1/2 oz ","Sambuca","1/2 oz ","Vodka","1/2 oz "
178328,"Funk and Soul","Cocktail","Collins glass","Alcoholic","Mix all ingredients together and strain into a Collins glass. Use Jamaican rum where possible for a more authentic taste.","Rum","2 shots","Apricot Nectar","1 shot","Pomegranate juice","1 shot"
15743,"Fuzzy Asshole","Coffee / Tea","Coffee mug","Alcoholic","fill coffe mug half full of coffee. Fill the other half full of Peach Schnapps. Stir and drink while hot.","Coffee","1/2 ","Peach schnapps","1/2 ","",""
17213,"French Martini","Cocktail","Cocktail glass","Alcoholic","Pour all ingredients into shaker with ice cubes. Shake well and strain into a chilled cocktail glass. Squeeze oil from lemon peel onto the drink.","Vodka","4.5 cl","Raspberry Liqueur","1.5 cl","pineapple juice","1.5 cl"
17248,"French Negroni","Cocktail","Martini Glass","Alcoholic","Add ice to a shaker and pour in all ingredients. Using a bar spoon, stir 40 to 45 revolutions or until thoroughly chilled. Strain into a martini glass or over ice into a rocks glass. Garnish with orange twist.","Gin","1 oz","Lillet","1 oz","Sweet Vermouth","1 oz"
13070,"Fahrenheit 5000","Shot","Shot glass","Alcoholic","Cover bottom of shot glass with Tabasco Sauce and then fill with half Firewater and half Absolut Peppar.","Firewater","1/2 oz ","Absolut Peppar","1/2 oz ","Tabasco sauce","1 dash "
11368,"Flying Dutchman","Ordinary Drink","Old-fashioned glass","Alcoholic","In an old-fashioned glass almost filled with ice cubes, combine the gin and triple sec. Stir well.","Gin","2 oz ","Triple sec","1/2 oz ","",""
11387,"Frozen Daiquiri","Ordinary Drink","Champagne flute","Alcoholic","Combine all ingredients (except for the cherry) in an electric blender and blend at a low speed for five seconds, then blend at a high speed until firm. Pour contents into a champagne flute, top with the cherry, and serve.","Light rum","1 1/2 oz ","Triple sec","1 tblsp ","Lime juice","1 1/2 oz "
12672,"Fruit Flip-Flop","Other / Unknown","Highball Glass","Non alcoholic","Place all ingredients in the blender jar - cover and whiz on medium speed until well blended. Pour in one tall, 2 medium or 3 small glasses and drink up.","Yoghurt","1 cup ","Fruit juice","1 cup ","",""
11369,"Flying Scotchman","Ordinary Drink","Cocktail glass","Alcoholic","Shake all ingredients with ice, strain into a cocktail glass, and serve.","Scotch","1 oz ","Sweet Vermouth","1 oz ","Bitters","1 dash "
17198,"French Connection","Ordinary Drink","Old-fashioned glass","Alcoholic","Pour all ingredients directly into old fashioned glass filled with ice cubes. Stir gently.","Cognac","1 1/2 oz ","Amaretto","3/4 oz ","",""
13202,"Flaming Dr. Pepper","Shot","Collins Glass","Alcoholic","Add Amaretto, Bacardi, and vodka. Mix in the Dr. Pepper and beer","Amaretto","1 oz ","Vodka","1 oz ","151 proof rum","1 oz Bacardi "
16485,"Flaming Lamborghini","Cocktail","Cocktail glass","Alcoholic","Pour the Sambuca and Kahlua into the Cocktail Glass and give the drinker a straw. Pour the Baileys and Blue Curacao into two sepsrate shot glasses either side of the cocktail glass. Set light the concotion in the cocktail glass and start to drink through the straw (this drink should be drunk in one) , as the bottom of the glass is reached put out the fire by pouring the Baileys and Blue Curacao into the cocktail glass and keep drinking till it's all gone!!","Kahlua","1 oz ","Sambuca","1 oz ","Blue Curacao","1 oz "
13675,"Flander's Flake-Out","Ordinary Drink","Collins Glass","Alcoholic","Bang 'em both in.","Sambuca","1/4 glass ","Sarsaparilla","3/4 glass ","",""
11390,"Frozen Mint Daiquiri","Ordinary Drink","Old-fashioned glass","Alcoholic","Combine all ingredients with 1 cup of crushed ice in an electric blender. Blend at a low speed for a short length of time. Pour into an old-fashioned glass and serve.","Light rum","2 oz ","Lime juice","1 tblsp ","Mint","6 "
11391,"Frozen Pineapple Daiquiri","Ordinary Drink","Cocktail Glass","Alcoholic","Combine all ingredients with 1 cup of crushed ice in an electric blender. Blend at a low speed for a short length of time. Pour into a cocktail glass and serve.","Light rum","1 1/2 oz ","Pineapple","4 chunks ","Lime juice","1 tblsp "
15997,"GG","Ordinary Drink","Collins Glass","Optional alcohol","Pour the Galliano liqueur over ice. Fill the remainder of the glass with ginger ale and thats all there is to it. You now have a your very own GG.","Galliano","2 1/2 shots ","Ginger ale","","Ice",""
17255,"Gimlet","Cocktail","Martini Glass","Alcoholic","Add all the ingredients to a shaker and fill with ice.  Shake, and strain into a chilled cocktail glass or an Old Fashioned glass filled with fresh ice.  Garnish with a lime wheel.","Gin","2 1/2 oz","Lime Juice","1/2 oz","Sugar Syrup","1/2 oz"
11422,"Godchild","Ordinary Drink","Champagne flute","Alcoholic","Shake all ingredients well with cracked ice, strain into a champagne flute, and serve.","Vodka","1 oz ","Amaretto","1 oz ","Heavy cream","1 oz "
11410,"Gin Fizz","Ordinary Drink","Highball glass","Alcoholic","Shake all ingredients with ice cubes, except soda water. Pour into glass. Top with soda water.","Gin","2 oz ","Lemon","Juice of 1/2 ","Powdered sugar","1 tsp "
11417,"Gin Sour","Ordinary Drink","Whiskey sour glass","Alcoholic","In a shaker half-filled with ice cubes, combine the gin, lemon juice, and sugar. Shake well. Strain into a sour glass and garnish with the orange slice and the cherry.","Gin","2 oz ","Lemon juice","1 oz ","Sugar","1/2 tsp superfine "
12758,"Gagliardo","Cocktail","Cocktail glass","Alcoholic","Shake well and serve in a cocktail glass. This is a home cocktail of American/Internet Bar del Pozzo, Pavia, Italy.","Peach Vodka","5 parts ","Lemon juice","3 parts ","Galliano","1 part "
11424,"Godmother","Ordinary Drink","Old-fashioned glass","Alcoholic","Pour vodka and amaretto into an old-fashioned glass over ice and serve.","Vodka","1 1/2 oz ","Amaretto","3/4 oz ","",""
11423,"Godfather","Ordinary Drink","Old-fashioned glass","Alcoholic","Pour all ingredients directly into old fashioned glass filled with ice cubes. Stir gently.","Scotch","1 1/2 oz ","Amaretto","3/4 oz ","",""
12944,"Gluehwein","Punch / Party Drink","Irish coffee cup","Optional alcohol","Boil sugar and spices in water, leave in the water for 30 minutes. Strain the spiced water and mix with the wine. Heat slowly until short of boiling temperature. (To remove alcohol, let it boil for a while.) You may add lemon or orange juice to taste. Serve in irish coffee cup.","Red wine","1 L ","Water","125 ml ","Sugar","60 gr "
178365,"Gin Tonic","Cocktail","Highball glass","Alcoholic","Fill a highball glass with ice, pour the gin, top with tonic water and squeeze a lemon wedge and garnish with a lemon wedge.","Gin","4 cl","Tonic Water","10 cl","Lemon Peel","1 Slice"
11420,"Gin Toddy","Ordinary Drink","Old-fashioned glass","Alcoholic","Mix powdered sugar and water in an old-fashioned glass. Add gin and one ice cube. Stir, add the twist of lemon peel, and serve.","Gin","2 oz ","Water","2 tsp ","Powdered sugar","1/2 tsp "
11416,"Gin Smash","Ordinary Drink","Old-fashioned glass","Alcoholic","Muddle sugar with carbonated water and mint sprigs in an old-fashioned glass. Add gin and 1 ice cube. Stir, add the orange slice and the cherry, and serve.","Gin","2 oz ","Carbonated water","1 oz ","Sugar","1 cube "
11408,"Gin Daisy","Ordinary Drink","Old-fashioned glass","Alcoholic","In a shaker half-filled with ice cubes, combine the gin, lemon juice, sugar, and grenadine. Shake well. Pour into an old-fashioned glass and garnish with the cherry and the orange slice.","Gin","2 oz ","Lemon juice","1 oz ","Sugar","1/2 tsp superfine "
178366,"Gin Lemon","Cocktail","Highball glass","Alcoholic","For the preparation of the gin lemon you will not need the shaker. Fill the tumbler with ice, pour the gin and lemonade over it. Gently mix and decorate with a slice of lemon. Those who prefer can also add a few mint leaves. Your gin lemon is ready to be served.","Gin","6 cl","Lemon Juice","8 cl","Lemon Peel","1 Slice"
11415,"Gin Sling","Ordinary Drink","Old-fashioned glass","Alcoholic","Dissolve powdered sugar in mixture of water and juice of lemon. Add gin. Pour into an old-fashioned glass over ice cubes and stir. Add the twist of orange peel and serve.","Gin","2 oz ","Lemon","Juice of 1/2 ","Powdered sugar","1 tsp "
17252,"Greyhound","Cocktail","Collins glass","Alcoholic","Add the vodka to a Collins glass filled with ice. Top with grapefruit juice and stir.  ","Vodka","1 1/2 oz","Grapefruit Juice","3 oz","",""
17230,"Gin Rickey","Cocktail","Highball glass","Alcoholic","Half-fill a tall glass with ice. Mix the gin and Grenadine together and pour over the ice. Add the lime or lemon juice and top off with soda water. Decorate the glass with lime and/or lemon slices.","Gin","2 oz ","Grenadine","1 tsp ","lemon","Juice of 1/2 "
11418,"Gin Squirt","Ordinary Drink","Highball glass","Alcoholic","Stir gin, grenadine, and powdered sugar with ice and strain into a highball glass over ice cubes. Fill with carbonated water and stir. Decorate with the pineapple chunks and the strawberries and serve.","Gin","1 1/2 oz ","Grenadine","1 tsp ","Powdered sugar","1 tblsp "
15427,"Grand Blue","Ordinary Drink","Old-fashioned glass","Alcoholic","Serve in an old fashioned glass.","Malibu rum","1 1/2 cl ","Peach schnapps","1 1/2 cl ","Blue Curacao","1 1/2 cl "
11407,"Gin Cooler","Ordinary Drink","Collins glass","Alcoholic","Stir powdered sugar and 2 oz. carbonated water in a collins glass. Fill glass with ice and add gin. Fill with carbonated water and stir. Add the lemon peel and the orange spiral so that the end of the orange spiral dangles over rim of glass.","Gin","2 oz ","Carbonated water","","Powdered sugar",""
11419,"Gin Swizzle","Ordinary Drink","Highball glass","Alcoholic","In a shaker half-filled with ice cubes, combine the lime juice, sugar, gin, and bitters. Shake well. Almost fill a colling glass with ice cubes. Stir until the glass is frosted. Strain the mixture in the shaker into the glass and add the club soda.","Lime juice","1 1/2 oz ","Sugar","1 tsp superfine ","Gin","2 oz "
11433,"Grass Skirt","Ordinary Drink","Old-fashioned glass","Alcoholic","In a shaker half-filled with ice cubes, combine the gin, triple sec, pineapple juice, and grenadine. Shake well. Pour into an old-fashioned glass and garnish with the pineapple slice.","Gin","1 1/2 oz ","Triple sec","1 oz ","Pineapple juice","1 oz "
17200,"Grasshopper","Ordinary Drink","Cocktail glass","Alcoholic","Pour ingredients into a cocktail shaker with ice. Shake briskly and then strain into a chilled cocktail glass.","Green Creme de Menthe","3/4 oz ","Creme de Cacao","3/4 oz white ","Light cream","3/4 oz "
14642,"Grim Reaper","Ordinary Drink","Old-fashioned glass","Alcoholic","Mix Kahlua and 151 in glass. Quickly add ice and pour grenadine over ice to give ice red tint.","Kahlua","1 oz ","151 proof rum","1 oz Bacardi ","Grenadine","1 dash "
178342,"Gin and Soda","Cocktail","Highball glass","Alcoholic","Pour the Gin and Soda water into a highball glass almost filled with ice cubes. Stir well. Garnish with the lime wedge.","Gin","2 oz","Soda Water","5 oz","Lime","1/4"
17203,"Kir","Ordinary Drink","Wine Glass","Alcoholic","Add the crème de cassis to the bottom of the glass, then top up with wine.","Creme de Cassis","1 part ","Champagne","5 parts ","",""
12764,"Karsk","Ordinary Drink","Highball glass","Alcoholic","Put a copper coin in a coffe-cup and fill up with coffee until you no longer see the coin, then add alcohol until you see the coin. Norwegian speciality.","Coffee","1 part ","Grain alcohol","2 parts ","",""
11600,"Kamikaze","Ordinary Drink","Cocktail glass","Alcoholic","Shake all ingredients together with ice. Strain into glass, garnish and serve.","Vodka","1 oz ","Triple sec","1 oz ","Lime juice","1 oz "
13837,"Kir Royale","Ordinary Drink","Champagne Flute","Alcoholic","Pour Creme de cassis in glass, gently pour champagne on top","Creme de Cassis","1 part ","Champagne","5 parts ","",""
14752,"Kiwi Lemon","Ordinary Drink","Highball glass","Alcoholic","Mix in highball glass. Stirr. Garnish with slice of kiwi.","Kiwi liqueur","1 part ","Bitter lemon","2 parts ","Ice","cubes"
14456,"Kurant Tea","Coffee / Tea","Champagne flute","Alcoholic","Pour Absolut Kurant into a comfortably big tea-cup. Add the not too hot(!) apple tea and, if you like, some sugar. Enjoy!","Absolut Kurant","4 cl ","Tea","Turkish apple ","Sugar"," (if needed)
"
16951,"Kioki Coffee","Coffee / Tea","Coffee mug","Alcoholic","Stir. Add whipped cream to the top.","Kahlua","1 oz ","Brandy","1/2 oz ","Coffee",""
178359,"Kiwi Martini","Cocktail","Cocktail glass","Alcoholic","The kiwi martini is a very fun vodka cocktail and it is one of the best drinks that makes use of fresh fruit. Though there are a few recipes floating around, this is one of the easiest and it is an absolutely delightful green martini to drink.  For this recipe, you'll simply muddle slices of kiwi with simple syrup, then shake it with vodka. It's a drink that anyone can mix up in minutes and a perfect cocktail to show off your favorite vodka.","Kiwi","1/2","Sugar Syrup","1 tsp","Vodka","1 1/2 oz"
15026,"Kiss me Quick","Ordinary Drink","Highball glass","Alcoholic","mix in the glass","Cranberry vodka","4 cl ","Apfelkorn","2 cl ","Schweppes Russchian","7 cl "
13190,"Kool-Aid Shot","Shot","Old-fashioned glass","Alcoholic","Pour into a large glass with ice and stir. Add a little cranberry juice to taste.","Vodka","1 shot ","Amaretto","1 shot ","Sloe gin","1 shot "
17006,"Kool First Aid","Shot","Shot glass","Alcoholic","Add Kool Aid to a double shot glass, and top with rum. Slam and shoot.","151 proof rum","2 oz light ","Kool-Aid","1/2 tsp Tropical ","",""
11602,"Kentucky B And B","Ordinary Drink","Brandy snifter","Alcoholic","Pour the bourbon and Benedictine into a brandy snifter.","Bourbon","2 oz ","Benedictine","1/2 oz ","",""
11604,"Kentucky Colonel","Ordinary Drink","Cocktail glass","Alcoholic","In a shaker half-filled with ice cubes combine the courbon and Benedictine. Shake and strain into a cocktail glass. Garnish with the lemon twist.","Bourbon","3 oz ","Benedictine","1/2 oz ","Lemon peel","1 twist of "
14446,"Kool-Aid Slammer","Shot","Shot glass","Alcoholic","Fill half the shot glass with the kool-aid first. Then put a paper towel over the top of the glass and slowly pour in the vodka. If you do it right, you should be able to see that the two liquids are separated, with the vodka on top. Now slam it! The last thing you'll taste is the kool-aid.","Kool-Aid","1/2 oz Grape ","Vodka","1/2 oz ","",""
12714,"Kiwi Papaya Smoothie","Other / Unknown","Highball Glass","Non alcoholic","Throw everything into a blender and liquify.","Kiwi","3 ","Papaya","1/2 ","",""
12720,"Kill the cold Smoothie","Other / Unknown","Highball glass","Non alcoholic","Juice ginger and lemon and add it to hot water. You may add cardomom.","Ginger","1 inch ","Lemon","1/4 ","Water","1 cup hot "
12704,"Limeade","Other / Unknown","Highball glass","Non alcoholic","In a large glass, put the lime juice and sugar, and stir well. Add cold seltzer water to fill. Put the lime peels in the glass. Drink. Repeat until limes or soda run out.","Lime","Juice of 1 ","Sugar","1 tblsp ","Soda water"," (seltzer water)
"
14378,"Lunch Box","Beer","Pint glass","Alcoholic","Fill a pint glass almost full with beer. Then fill the rest with orange juice (careful not to fill it to the top). Then take the shot of Amaretto and drop it in.","Beer","3/4 bottle ","Amaretto","1 shot ","Orange juice","1 oz "
14366,"Lemon Drop","Cocktail","Cocktail glass","Alcoholic","Shake and strain into a chilled cocktail glass rimmed with sugar.","Vodka","1 1/2 shot ","Cointreau","1 1/2 shot ","Lemon","Juice of 1 wedge "
12752,"Lemon Shot","Shot","Shot glass","Alcoholic","Mix Galliano and Absolut Citron in a shot glass, lay lemon wedge sprinkled with sugar over glass and pour a rum over wedge and glass. light rum with a lighter and let burn for a second. Do shot quickly and suck on lemon. If it is done correctly, this will taste like a shot of sweet lemonade.","Galliano","1/2 oz ","Absolut Citron","1/2 oz ","Lemon"," wedge
"
13196,"Long vodka","Ordinary Drink","Highball glass","Alcoholic","Shake a tall glass with ice cubes and Angostura, coating the inside of the glass. Por the vodka onto this, add 1 slice of lime and squeeze juice out of remainder, mix with tonic, stir and voila you have a Long Vodka","Vodka","5 cl ","Lime","1/2 ","Angostura bitters","4 dashes "
12692,"Lassi Khara","Other / Unknown","Highball Glass","Non alcoholic","Blend (frappe) in blender until frothy. Add torn curry leaves and serve cold.","Yoghurt","1 cup ","Water","2 cups cold ","Salt","1 tsp "
12694,"Lassi Raita","Other / Unknown","Highball Glass","Non alcoholic","Blend the yoghurt and ice cubes together, until the yoghurt becomes more liquid. Add sugar to taste. The lemon/lime is optional but it gives it a slightly tart taste. Dash of salt. Raita is also good for the summer. Instead of having a traditional salad you can make raita instead.","Yoghurt","2 cups ","Ice","4-6 ","Sugar",""
12702,"Lemouroudji","Other / Unknown","Highball Glass","Non alcoholic","Juice the lemons. Peel and grate the ginger. Place the grated ginger and a liberal dash of the cayenne pepper into a piece of cheesecloth, and tie it into a knot. Let soak in the water. After 15 minutes or so, add the sugar, and the lemon juice. Chill, and serve.","Ginger","2 pieces ","Water","1 gal ","Lemon","1 lb "
11658,"Loch Lomond","Ordinary Drink","Cocktail glass","Alcoholic","In a mixing glass half-filled with ice cubes, combine the Scotch, Drambuie, and vermouth. Stir well. Strain into a cocktail glass. Garnish with the lemon twist.","Scotch","2 oz ","Drambuie","1/2 oz ","Dry Vermouth","1/2 oz "
11662,"London Town","Ordinary Drink","Cocktail glass","Alcoholic","In a mixing glass half-filled with ice cubes, combine all of the ingredients. Stir well. Strain into a cocktail glass.","Gin","1 1/2 oz ","Maraschino liqueur","1/2 oz ","Orange bitters","2 dashes "
12698,"Lassi - Mango","Other / Unknown","Highball glass","Non alcoholic","Put it all in a blender and pour over crushed ice. You can also use other fruits like strawberries and bananas.","Mango","2 ","Yoghurt","2 cups ","Sugar","1/2 cup "
12696,"Lassi - Sweet","Other / Unknown","Highball glass","Non alcoholic","Put all ingredients into a blender and blend until nice and frothy. Serve chilled.","Yoghurt","1 cup ","Water","2 cups cold ","Sugar","4 tblsp "
15086,"Limona Corona","Beer","Beer Glass","Alcoholic","Open the Corona. Fill the empty space in the neck in the bottle with the rum. The bottle should be filled to the top. Plug the bottle with your thumb or the palm of your hand. Turn the bottle upside-down so the rum and beer mix. Turn the bottle rightside-up, unplug, and drink.","Corona","1 bottle ","Bacardi Limon","1 oz ","",""
11670,"Lord And Lady","Ordinary Drink","Old-fashioned glass","Alcoholic","Pour the rum and Tia Maria into an old-fashioned glass almost filled with ice cubes. Stir well.","Dark rum","1 1/2 oz ","Tia maria","1/2 oz ","",""
11634,"Lady Love Fizz","Ordinary Drink","Cocktail glass","Alcoholic","Shake all ingredients (except carbonated water) with ice and strain into a cocktail glass over two ice cubes. Fill with carbonated water, stir, and serve.","Gin","2 oz ","Light cream","2 tsp ","Powdered sugar","1 tsp "
11002,"Long Island Tea","Ordinary Drink","Highball glass","Alcoholic","Combine all ingredients (except cola) and pour over ice in a highball glass. Add the splash of cola for color. Decorate with a slice of lemon and serve.","Vodka","1/2 oz ","Light rum","1/2 oz ","Gin","1/2 oz "
11666,"Lone Tree Cooler","Ordinary Drink","Collins glass","Alcoholic","Stir powdered sugar and 2 oz. carbonated water in a collins glass. Fill glass with ice, add gin and vermouth, and stir. Fill with carbonated water and stir again. Add the twist of lemon peel and the orange spiral so that the end dangles over rim of glass.","Carbonated water","","Gin","","Dry Vermouth",""
11664,"Lone Tree Cocktail","Ordinary Drink","Cocktail glass","Alcoholic","Stir ingredients with ice, strain into a cocktail glass, and serve.","Sweet Vermouth","3/4 oz ","Gin","1 1/2 oz ","",""
178335,"Lazy Coconut Paloma","Cocktail","Highball glass","Alcoholic","Mix the coconut liqueur (preferably tequila) with the grapefruit juice and top with soda water. Garnish with a large grapefruit slice against the inside of the glass.","Coconut Liqueur","30 ml","Grapefruit Juice","75 ml","Soda Water","Top"
17204,"Long Island Iced Tea","Ordinary Drink","Highball glass","Alcoholic","Mix all contents in a highball glass and sitr gently. Add dash of Coca-Cola for the coloring and garnish with lemon or lime twist.","Vodka","1/2 oz ","Tequila","1/2 oz ","Light rum","1/2 oz "
178360,"Lemon Elderflower Spritzer","Cocktail","Highball glass","Alcoholic","Pour all ingredients over ice, stir and enjoy! ","Elderflower cordial","2 tsp","Vodka","1 shot","Soda Water","1/3 cup"
12690,"Lassi - A South Indian Drink","Other / Unknown","Highball Glass","Non alcoholic","Blend in a blender for 3 seconds. Lassi is one of the easiest things to make, and there are many ways of making it. Basically, it is buttermilk (yoghurt whisked with water), and you can choose almost any consistency that you like, from the thinnest to the thickest. Serve cold.","Yoghurt","1/2 cup plain ","Water","1 1/4 cup cold ","Cumin seed","1/2 tsp ground roasted "
17253,"Paloma","Cocktail","Collins glass","Alcoholic","Stir together and serve over ice.","Grape Soda","3 oz","Tequila","1 1/2 oz","",""
17190,"Paradise","Ordinary Drink","Cocktail glass","Alcoholic","Shake together over ice. Strain into cocktail glass and serve chilled.","Gin","7 parts","Apricot Brandy","4 parts","Orange Juice","3 parts "
11936,"Pink Gin","Ordinary Drink","White wine glass","Alcoholic","Pour the bitters into a wine glass. Swirl the glass to coat the inside with the bitters, shake out the excess. Pour the gin into the glass. Do not add ice.","Bitters","3 dashes ","Gin","2 oz ","",""
17249,"Pegu Club","Cocktail","Cocktail glass","Alcoholic","Shake, strain, up, cocktail glass","Gin","1 1/2 oz","Orange Curacao","3/4 oz","Lime Juice","3/4 oz"
11938,"Pink Lady","Ordinary Drink","Cocktail glass","Alcoholic","Shake all ingredients with ice, strain into a cocktail glass, and serve.","Gin","1 1/2 oz ","Grenadine","1 tsp ","Light cream","1 tsp "
178354,"Pink Moon","Cocktail","Whiskey Glass","Alcoholic","Slowly shake in a shaker with ice, strain into a square whiskey glass. Top with fresh ice. Add the blackberries to garnish. Add flowers and a green leaf for a special look!","Gin","1 shot","Coconut Liqueur","1 shot","Elderflower cordial","25 ml"
17829,"Penicillin","Cocktail","Old-fashioned glass","Alcoholic","Shake blended Scotch, lemon juice, honey syrup and ginger syrup with ice. Strain over large ice in chilled rocks glass. Float smoky Scotch on top (be sure to use a smoky Scotch such as an Islay single malt). Garnish with candied ginger.","Blended Scotch","2 oz","Lemon Juice","3/4 oz","Honey syrup","2 tsp"
13214,"Pisco Sour","Cocktail","Cocktail glass","Alcoholic","Vigorously shake and strain contents in a cocktail shaker with ice cubes, then pour into glass and garnish with bitters. ","Pisco","2 oz ","Lemon juice","1 oz ","Sugar","1-2 tblsp "
17192,"Porto flip","Ordinary Drink","Cocktail glass","Alcoholic","Shake ingredients together in a mixer with ice. Strain into glass, garnish and serve.","Brandy","3 parts","Port","9 parts","Egg Yolk","2 parts"
17207,"Pina Colada","Ordinary Drink","Collins glass","Alcoholic","Mix with crushed ice in blender until smooth. Pour into chilled glass, garnish and serve.","Light rum","3 oz ","Coconut milk","3 tblsp ","Pineapple","3 tblsp "
16992,"Pink Penocha","Punch / Party Drink","Punch bowl","Alcoholic","mix all ingredients into bowl keep iced stir frequently","Everclear","750 ml ","Vodka","1750 ml ","Peach schnapps","1750 ml "
178338,"Pure Passion","Cocktail","Whiskey sour glass","Alcoholic","Mix up all ingredients with a cocktail stirrer and serve with crushed ice with mint and edible flour if available.","Rum","40 ml","Passoa","20 ml","Lime Juice","30 ml"
13072,"Popped cherry","Ordinary Drink","Highball glass","Alcoholic","Served over ice in a tall glass with a popped cherry (can add more popped cherries if in the mood)!","Vodka","2 oz ","Cherry liqueur","2 oz ","Cranberry juice","4 oz "
11959,"Poppy Cocktail","Ordinary Drink","Cocktail glass","Alcoholic","Shake ingredients with ice, strain into a cocktail glass, and serve.","Gin","1 1/2 oz ","Creme de Cacao","3/4 oz white ","",""
11965,"Port Wine Flip","Ordinary Drink","Whiskey sour glass","Alcoholic","Shake all ingredients (except nutmeg) with ice and strain into a whiskey sour glass. Sprinkle nutmeg on top and serve.","Port","1 1/2 oz ","Light cream","2 tsp ","Powdered sugar","1 tsp "
17191,"Planter's Punch","Punch / Party Drink","Collins glass","Alcoholic","Pour all ingredients, except the bitters, into shaker filled with ice. Shake well. Pour into large glass, filled with ice. Add Angostura bitters, on top. Garnish with cocktail cherry and pineapple.","Dark rum","1 part ","Orgeat syrup","1/2 part ","Orange juice","2 parts "
178327,"Pineapple Paloma","Cocktail","Collins glass","Alcoholic","Rub the rim of each glass with lime slice and dip into salt. Add ice, tequila, grapefruit juice, lime juice and top with pineapple soda. Give it a quick stir. Garnish with fresh pineapple or lime.","Tequila","4 oz","Grapefruit Juice","4 oz","Fresh Lime Juice","1 oz"
178357,"Pornstar Martini","Cocktail","Cocktail glass","Alcoholic","Straight: Pour all ingredients into mixing glass with ice cubes. Shake well. Strain in chilled martini cocktail glass. Cut passion fruit in half and use as garnish. Pour prosecco into a chilled shot glass and serve alongside the martini.","Vodka","3 cl","Passoa","3 cl","Passion fruit juice","1 cl"
178368,"Planter’s Punch","Cocktail","Highball glass","Alcoholic","Squeeze an orange and strain the juice. Put all the ingredients in a shaker filled with ice and shake for at least 12 seconds. Strain into a highball glass and decorate with a pineapple wedge or fruit of your choice.","Dark Rum","4.5 cL","Orange Juice","3 cl","Pineapple Juice","3.5 cl"
11961,"Port And Starboard","Ordinary Drink","Pousse cafe glass","Alcoholic","Pour carefully into a pousse-cafe glass, so that creme de menthe floats on grenadine. Serve without mixing.","Grenadine","1 tblsp ","Green Creme de Menthe","1/2 oz ","",""
11963,"Port Wine Cocktail","Ordinary Drink","Cocktail glass","Alcoholic","Stir ingredients with ice, strain into a cocktail glass, and serve.","Port","2 1/2 oz ","Brandy","1/2 tsp ","",""
15092,"Pysch Vitamin Light","Ordinary Drink","Collins Glass","Non alcoholic","Shake with ice.","Orange juice","1 part ","Apple juice","1 part ","Pineapple juice","1 part "
13535,"Pink Panty Pulldowns","Ordinary Drink","Collins Glass","Alcoholic","Shake well","Sprite","1 L ","Pink lemonade","2 cups ","Vodka","2 cups "
178323,"Passion Fruit Martini","Cocktail","Cocktail glass","Alcoholic","Pour all ingredients into a glass and stir. Garnish with half a passion fruit piece.","Vodka","1 shot","Sugar Syrup","1/2 shot","Passion fruit juice","Full Glass"
12718,"Pineapple Gingerale Smoothie","Other / Unknown","Highball Glass","Non alcoholic","Throw everything into a blender and liquify.","Ginger","1/4 inch ","Pineapple","1/2 ","",""
11993,"Quentin","Ordinary Drink","Cocktail glass","Alcoholic","In a shaker half-filled with ice cubes, combine the rum, Kahlua, and cream. Shake well. Strain into a cocktail glass and garnish with the nutmeg.","Dark rum","1 1/2 oz ","Kahlua","1/2 oz ","Light cream","1 oz "
11987,"Queen Bee","Ordinary Drink","Cocktail glass","Alcoholic","Shake all ingredients with ice, strain into a cocktail glass, and serve.","Coffee brandy","1 oz ","Lime vodka","1 1/2 oz ","Sherry","1/2 oz cream "
13198,"Quick F**K","Shot","Shot glass","Alcoholic","In a shot glass add 1/3 Kahlua first. Then 1/3 Miduri, topping it off with a 1/3 bailey's irish cream","Kahlua","1 part ","Midori melon liqueur","1 part ","Baileys irish cream","1 part "
15761,"Quick-sand","Ordinary Drink","Highball glass","Alcoholic","Simply add the orange juice, quite a quick pour in order to mix the sambucca with the orange juice. The juice MUST have fruit pulp!","Black Sambuca","25 ml ","Orange juice","Add 250 ml ","",""
11989,"Queen Charlotte","Ordinary Drink","Collins glass","Alcoholic","Pour red wine and grenadine into a collins glass over ice cubes. Fill with lemon-lime soda, stir, and serve.","Red wine","2 oz ","Grenadine","1 oz ","Lemon-lime soda",""
11991,"Queen Elizabeth","Ordinary Drink","Cocktail glass","Alcoholic","Stir all ingredients with ice, strain into a cocktail glass, and serve.","Dry Vermouth","1/2 oz ","Gin","1 1/2 oz ","Benedictine","1 1/2 tsp "
11983,"Quaker's Cocktail","Ordinary Drink","Cocktail glass","Alcoholic","Shake all ingredients with ice, strain into a cocktail glass, and serve.","Light rum","3/4 oz ","Brandy","3/4 oz ","Lemon","Juice of 1/4 "
11985,"Quarter Deck Cocktail","Ordinary Drink","Cocktail glass","Alcoholic","Stir all ingredients with ice, strain into a cocktail glass, and serve.","Light rum","1 1/2 ","Sherry","1/3 oz cream ","Lime","Juice of 1/2 "
17208,"Rose","Ordinary Drink","Cocktail glass","Alcoholic","Shake together in a cocktail shaker, then strain into chilled glass. Garnish and serve.","Dry Vermouth","1/2 oz ","Gin","1 oz ","Apricot brandy","1/2 oz "
16031,"Radler","Ordinary Drink","Highball glass","Alcoholic","Pour beer into large mug, slowly add the 7-up (or Sprite).","Beer","12 oz ","7-Up","12 oz ","",""
12093,"Rum Sour","Ordinary Drink","Whiskey sour glass","Alcoholic","In a shaker half-filled with ice cubes, combine the rum, lemon juice, and sugar. Shake well. Strain into a sour glass and garnish with the orange slice and the cherry.","Light rum","2 oz ","Lemon juice","1 oz ","Sugar","1/2 tsp superfine "
14978,"Rum Punch","Punch / Party Drink","Punch bowl","Alcoholic","Mix all ingredients in a punch bowl and serve.","Rum","mikey bottle ","Ginger ale","large bottle ","Fruit punch","355 ml frozen "
12097,"Rum Toddy","Ordinary Drink","Old-fashioned glass","Alcoholic","Dissolve powdered sugar in water in an old-fashioned glass. Add rum and one ice cube and stir. Add the twist of lemon peel and serve.","Rum","2 oz light or dark ","Powdered sugar","2 tsp ","Lemon peel","1 twist of "
12055,"Royal Fizz","Ordinary Drink","Collins glass","Alcoholic","Shake all ingredients (except cola) with ice and strain into a chilled collins glass. Fill with cola and serve.","Gin","1 oz ","Sweet and sour","2 oz ","Egg","1 whole "
12071,"Rum Cooler","Ordinary Drink","Collins glass","Alcoholic","Pour the rum and soda into a collins glass almost filled with ice cubes. Stir well and garnish with the lemon wedge.","Rum","2 oz light or dark ","Lemon-lime soda","4 oz ","Lemon","1 "
16250,"Rum Runner","Punch / Party Drink","Cocktail glass","Alcoholic","Mix all ingredients in glass & add ice.","Malibu rum","1 1/2 oz ","Blackberry brandy","1 oz ","Orange juice","3-4 oz "
12101,"Rusty Nail","Ordinary Drink","Old-fashioned glass","Alcoholic","Pour the Scotch and Drambuie into an old-fashioned glass almost filled with ice cubes. Stir well. Garnish with the lemon twist.","Scotch","1 1/2 oz ","Drambuie","1/2 oz ","Lemon peel","1 twist of "
14087,"Red Snapper","Shot","Old-fashioned glass","Alcoholic","One shot each, shake n shoot","Crown Royal","1 shot ","Amaretto","1 shot ","Cranberry juice","1 shot "
17122,"Royal Bitch","Shot","Shot glass","Alcoholic","Into a shot glass layer the Crown Royal on top of the Frangelico.","Frangelico","1 part ","Crown Royal","1 part ","",""
15082,"Royal Flush","Shot","Old-fashioned glass","Alcoholic","Pour all the ingredients into tumbler over ice. Strain into glass.","Crown Royal","1 1/2 oz ","Peach schnapps","1 oz ","Chambord raspberry liqueur","1/2 oz "
12067,"Rum Cobbler","Ordinary Drink","Old-fashioned glass","Alcoholic","In an old-fashioned glass, dissolve the sugar in the club soda. Add crushed ice until the glass is almost full. Add the rum. Stir well. Garnish with the cherry and the orange and lemon slices.","Sugar","1 tsp superfine ","Club soda","3 oz ","Lemon","1 "
17114,"Ruby Tuesday","Cocktail","Highball glass","Alcoholic","Pour gin and cranberry into a highball filled with ice cubes. Add grenadine and stir.","Gin","2 oz ","Cranberry juice","5 oz ","Grenadine","2 splashes "
12630,"Rail Splitter","Cocktail","Highball glass","Non alcoholic","Mix sugar syrup with lemon juice in a tall glass. Fill up with ginger ale.","Sugar syrup","2 tsp ","Lemon juice","","Ginger ale",""
17245,"Rosemary Blue","Cocktail","Balloon Glass","Alcoholic","1) Add the Bombay Sapphire, Blue Curacao, rosemary sprig and gently squeezed lemon wedge to a balloon glass. Swirl well to combine. 2) Fill with cubed ice and top with the Fever-Tree Light Tonic Water. 3) Gently fold with a bar spoon to mix.","Gin","50 ml","Blue Curacao","15 ml","Tonic Water","100 ml"
178367,"Ramos Gin Fizz","Cocktail","Highball glass","Alcoholic","Prepare all the ingredients on the counter to be able to work well and quickly, especially the cream and egg white.  Pour all the ingredients into a shaker.  Shake vigorously for 1 minute: cream and egg white must be mixed perfectly, so don't rush.  Now open the shaker and put some ice and shake for 1-2 minutes. It depends on how long you can resist!  Pour into a highball glass, add a splash of soda and garnish to taste.  Ramos Gin Fizz was once drunk as an invigorating drink or even a","Gin","4.5 cL","Lemon Juice","3 cl","Sugar Syrup","3 cl"
12057,"Royal Gin Fizz","Ordinary Drink","Highball glass","Alcoholic","Shake all ingredients (except carbonated water) with ice and strain into a highball glass over two ice cubes. Fill with carbonated water, stir, and serve.","Gin","2 oz ","Lemon","Juice of 1/2 ","Powdered sugar","1 tsp "
12087,"Rum Milk Punch","Ordinary Drink","Collins glass","Alcoholic","Shake all ingredients (except nutmeg) with ice and strain into a collins glass. Sprinkle nutmeg on top and serve.","Light rum","2 oz ","Milk","1 cup ","Powdered sugar","1 tsp "
178333,"Raspberry Julep","Cocktail","Cordial glass","Alcoholic","Softly muddle the mint leaves and raspberry syrup in the bottom of the cup. Add crushed ice and Bourbon to the cup and then stir. Top with more ice, garnish with a mint sprig.","Bourbon","2 oz","Raspberry syrup","1/2 oz","Mint","8"
12091,"Rum Screwdriver","Ordinary Drink","Highball glass","Alcoholic","Pour rum into a highball glass over ice cubes. Add orange juice, stir, and serve.","Light rum","1 1/2 oz ","Orange juice","5 oz ","",""
17167,"Raspberry Cooler","Other / Unknown","Highball glass","Alcoholic","Pour the raspberry vodka and soda into a highball glass almost filled with ice cubes. Stir well.","Raspberry vodka","2 oz ","Lemon-lime soda","4 oz ","Ice",""
12089,"Rum Old-fashioned","Ordinary Drink","Old-fashioned glass","Alcoholic","Stir powdered sugar, water, and bitters in an old-fashioned glass. When sugar has dissolved add ice cubes and light rum. Add the twist of lime peel, float 151 proof rum on top, and serve.","Light rum","1 1/2 oz ","151 proof rum","1 tsp ","Powdered sugar","1/2 tsp "
17214,"Russian Spring Punch","Ordinary Drink","Highball glass","Alcoholic","Pour the ingredients into an highball glass, top with Sparkling wine.","Vodka","2.5 cl","Creme de Cassis","1.5 cl","Sugar Syrup","1 cl"
16984,"Radioactive Long Island Iced Tea","Ordinary Drink","Collins Glass","Alcoholic","Pour all ingredients over ice in a very tall glass. Sip cautiously.","Rum","1 oz ","Vodka","1 oz ","Tequila","1 oz "
17218,"Vesper","Cocktail","Cocktail glass","Alcoholic","Shake over ice until well chilled, then strain into a deep goblet and garnish with a thin slice of lemon peel.","Gin","6 cl","Vodka","1.5 cl","Lillet Blanc","0.75 cl"
12450,"Victor","Ordinary Drink","Cocktail glass","Alcoholic","Shake all ingredients with ice, strain into a cocktail glass, and serve.","Gin","1 1/2 oz ","Sweet Vermouth","1/2 oz ","Brandy","1/2 oz "
17217,"Vampiro","Ordinary Drink","Old-Fashioned glass","Alcoholic","Vampiros may be made in a tall glass or an old fashioned glass. Bartenders may first rim the glass with Kosher Salt, which is done by placing a layer of Kosher Salt on a chopping board, moistening the glass' rim with lime juice or water, and then placing the upside down glass rim onto the Kosher Salt, so that the salt sticks to the moistened rim. The second step is to fill half the glass with ice and add one or two shooter glasses full of high quality Tequila. The next stage is to add the flav","Tequila","6 cl","Tomato Juice","3 cl","Orange Juice","3 cl"
12444,"Vesuvio","Ordinary Drink","Old-fashioned glass","Alcoholic","Shake all ingredients with ice, strain into an old-fashioned glass over ice cubes, and serve.","Light rum","1 oz ","Sweet Vermouth","1/2 oz ","Lemon","Juice of 1/2 "
12446,"Veteran","Ordinary Drink","Old-fashioned glass","Alcoholic","Pour the rum and cherry brandy into an old-fashioned glass almost filled with ice cubes. Stir well.","Dark rum","2 oz ","Cherry brandy","1/2 oz ","",""
12436,"Van Vleet","Ordinary Drink","Old-fashioned glass","Alcoholic","Shake all ingredients with ice, strain into an old-fashioned glass over ice cubes, and serve.","Light rum","3 oz ","Maple syrup","1 oz ","Lemon juice","1 oz "
16967,"Vodka Fizz","Other / Unknown","White wine glass","Alcoholic","Blend all ingredients, save nutmeg. Pour into large white wine glass and sprinkle nutmeg on top.","Vodka","2 oz ","Half-and-half","2 oz ","Limeade","2 oz "
178363,"Vodka Lemon","Cocktail","Highball glass","Alcoholic","The vodka lemon is prepared directly in a highball glass or in a large tumbler: put 6-7 ice cubes in the glass, pour the vodka, lemonade and mix with a bar spoon. Finally decorate with a slice of lemon and, if you prefer, add a few mint leaves. Your vodka lemon is ready to be served.","Vodka","5 cl","Lemon Juice","7 cl","Lemon Peel","1 Slice"
178362,"Vodka Slime","Cocktail","Highball glass","Alcoholic","Fill glass with ice. Add vodka, 7-up then finish with the lime juice.","Sprite","1 cup","Lime Juice","1/2 shot","Vodka","1 1/2 shot"
178364,"Vodka Tonic","Cocktail","Highball glass","Alcoholic","Wash and cut 1 wedge and 1 slice of lime or lemon. Fill a tumbler with fresh ice. Pour the desired dose of vodka and top up with the tonic. Squeeze the lime wedge into the glass and decorate with the slice. That's all, very simple: it's just the recipe for happiness!","Vodka","4 cl","Tonic Water","10 cl","Lemon Peel","1 Slice"
14167,"Vodka Martini","Ordinary Drink","Cocktail glass","Alcoholic","Shake the vodka and vermouth together with a number of ice cubes, strain into a cocktail glass, add the olive and serve.","Vodka","1 1/2 oz ","Dry Vermouth","3/4 oz ","Olive","1 "
15403,"Vodka Russian","Ordinary Drink","Collins Glass","Alcoholic","Mix it as a ordinary drink .","Vodka","2 oz ","Schweppes Russchian","","",""
12442,"Vermouth Cassis","Ordinary Drink","Highball glass","Alcoholic","Stir vermouth and creme de cassis in a highball glass with ice cubes. Fill with carbonated water, stir again, and serve.","Dry Vermouth","1 1/2 oz ","Creme de Cassis","3/4 oz ","Carbonated water",""
12452,"Victory Collins","Ordinary Drink","Collins glass","Alcoholic","Shake all ingredients (except orange slice) with ice and strain into a collins glass over ice cubes. Add the slice of orange and serve.","Vodka","1 1/2 oz ","Lemon juice","3 oz ","Grape juice","3 oz unsweetened "
12460,"Vodka And Tonic","Ordinary Drink","Highball glass","Alcoholic","Pour vodka into a highball glass over ice cubes. Fill with tonic water, stir, and serve.","Vodka","2 oz ","Tonic water","","",""
12434,"Valencia Cocktail","Ordinary Drink","Cocktail glass","Alcoholic","Shake all ingredients with ice, strain into a cocktail glass, and serve.","Apricot brandy","1 1/2 oz ","Orange juice","1 tblsp ","Orange bitters","2 dashes "
12518,"Whisky Mac","Ordinary Drink","Collins Glass","Alcoholic","Pour both of the ingredients into a wine goblet with no ice.","Scotch","1 1/2 oz ","Wine","1 oz Green Ginger ","",""
17194,"White Lady","Ordinary Drink","Cocktail glass","Alcoholic","Add all ingredients into cocktail shaker filled with ice. Shake well and strain into large cocktail glass.","Gin","4cl","Triple Sec","3cl","Lemon Juice","2cl"
13058,"Wine Punch","Punch / Party Drink","Collins Glass","Alcoholic","Combine all of the ingredients and pour over a block of ice.","Red wine","1 bottle ","Lemon","2 ","Orange juice","1 cup "
13056,"Wine Cooler","Punch / Party Drink","Collins Glass","Optional alcohol","Mix wine and soft drink. Pour into glass. Add ice.","Red wine","2 oz white or ","Lemon-lime soda","5 oz ","Ice","cubes"
178347,"Winter Rita","Beer","Highball Glass","Alcoholic","Salt rim. Combine all ingredients, shake with ice, and strain over fresh ice.⠀","Tequila","1 2/3 oz","Campari","1/4 oz","Lime Juice","3/4 oz"
11004,"Whiskey Sour","Ordinary Drink","Old-fashioned glass","Alcoholic","Shake with ice. Strain into chilled glass, garnish and serve. If served 'On the rocks', strain ingredients into old-fashioned glass filled with ice.","Blended whiskey","2 oz ","Lemon","Juice of 1/2 ","Powdered sugar","1/2 tsp "
12528,"White Russian","Ordinary Drink","Old-fashioned glass","Alcoholic","Pour vodka and coffee liqueur over ice cubes in an old-fashioned glass. Fill with light cream and serve.","Vodka","2 oz ","Coffee liqueur","1 oz ","Light cream",""
178348,"Winter Paloma","Cocktail","Highball glass","Alcoholic","Everyone’s favourite Paloma gets a delicious Indian makeover. Tequila reposado infused with “Timur Pepper” which has citrusy & grapefruit notes and is grown at the foothills of Himalaya. It also produces a slightly numbing and tingling sensation on your lip when consumed. We have also spiced up the fresh grapefruit juice with the warming spice blend from Himalaya. The combination of all these interesting elements has allowed us to elevate your Paloma sipping experience.","Tequila","2 shots","Grapefruit Juice","Top","Lime Juice","Juice of 1"
178326,"White Wine Sangria","Punch / Party Drink","Pitcher","Alcoholic","Chop the Lemon, Lime and other fruits into large chunks. Fill the Pitcher with the white wine and mix in the Apple Brandy. Top to taste with soda water.","Lime","1","lemon","1","White Wine","750 ml"
16158,"Whitecap Margarita","Other / Unknown","Margarita/Coupette glass","Alcoholic","Place all ingredients in a blender and blend until smooth. This makes one drink.","Ice","1 cup ","Tequila","2 oz ","Cream of coconut","1/4 cup "
12474,"Waikiki Beachcomber","Ordinary Drink","Cocktail glass","Alcoholic","Shake all ingredients with ice, strain into a cocktail glass, and serve.","Triple sec","3/4 oz ","Gin","3/4 oz ","Pineapple juice","1 tblsp "
17219,"Yellow Bird","Cocktail","Cocktail glass","Alcoholic","Shake and strain into a chilled cocktail glass","White Rum","3 cl","Galliano","1.5 cl","Triple Sec","1.5 cl"
12728,"Yoghurt Cooler","Other / Unknown","Highball Glass","Non alcoholic","Place all ingredients in the blender jar - cover and whiz on medium speed until well blended. Pour in one tall, 2 medium or 3 small glasses and drink up. Note: Use lots of ice in this one - great on hot days! To add ice: Remove the center of the cover while the blender is on - drop 3 or 4 ice cubs and blend until they're completely crushed.","Yoghurt","1 cup ","Fruit","1 cup ","Ice",""
15328,"Zorro","Coffee / Tea","Coffee Mug","Alcoholic","add all and pour black coffee and add whipped cream on top.","Sambuca","2 cl ","Baileys irish cream","2 cl ","White Creme de Menthe","2 cl "
14888,"Zinger","Soft Drink","Highball glass","Alcoholic","Get a shot glass and pour in three shots of the schnapps. Do the same with the Surge Cola. Then down it like Scheetz would.","Peachtree schnapps","4 shots ","Surge","4 shots ","",""
15691,"Zoksel","Soft Drink","Beer pilsner","Alcoholic","No specific mixing instructions, just poor every ingredient in one glass. The lemon goes with it.","Beer","","Root beer","","Lemonade",""
17241,"Zombie","Cocktail","Hurricane glass","Alcoholic","Blend at high speed for no more than 5 seconds.  Pour into a glass, add ice cubes to fill, then add the garnish.  *Donn’s mix: Bring 3 crushed cinnamon sticks, 1 cup of sugar and 1 cup of water to a boil, stirring until the sugar is dissolved.  Simmer for 2 minutes, then remove from the heat and let sit for at least 2 hours before straining into a clean glass bottle.  Then add 1 part of the syrup and 2 parts of fresh grapefruit juice together.","Rum","1 1/2 oz","Gold rum","1 1/2 oz","151 proof rum","1 oz"
15933,"Zambeer","Soft Drink","Collins Glass","Alcoholic","Mix sambuca with rootbeer and stir. Add ice","Sambuca","1 1/2 oz ","Root beer","Add 10 oz ","Ice","cubes"
16963,"Zorbatini","Cocktail","Cocktail glass","Alcoholic","Prepare like a Martini. Garnish with a green olive.","Vodka","1 1/4 oz Stoli ","Ouzo","1/4 oz ","",""
15254,"Zenmeister","Ordinary Drink","Collins Glass","Alcoholic","Mix together and enjoy","Jägermeister","1/2 oz ","Root beer","1/2 oz ","",""
16942,"Zipperhead","Shot","Whiskey sour glass","Alcoholic","Fill glass with rocks, add straw before putting in liquor. Then add the ingredients in order, trying to keep layered as much as possible (i.e. Chambord on bottom, then Vodka, Then soda on top).","Chambord raspberry liqueur","1 shot ","Vodka","1 shot ","Soda water","Fill with "
17027,"Zima Blaster","Ordinary Drink","Hurricane glass","Alcoholic","Fill glass with ice. Pour in Chambord, then fill with Zima. Mix and enjoy.","Zima","12 oz ","Chambord raspberry liqueur","3 oz ","",""
14594,"Zizi Coin-coin","Punch / Party Drink","Margarita/Coupette glass","Alcoholic","Pour 5cl of Cointreau on ice, add 2cl of fresh lemon (or lime) juice, stir gently, and finally add slices of lemon/lime in glass.","Cointreau","5 cl ","Lemon juice","2 cl ","Ice","cubes"
15801,"Zimadori Zinger","Punch / Party Drink","Collins glass","Alcoholic","Pour Zima in a collins glass over ice and then pour the shot of Midori. Don't stir. Garnish with a cherry.","Midori melon liqueur","1.5 oz ","Zima","12 oz ","",""
14065,"Zippy's Revenge","Cocktail","Old-fashioned glass","Alcoholic","Mix Kool-Aid to taste then add Rum and ammaretto. shake well to disolve the sugar in the Kool-Aid... serve cold","Amaretto","2 oz ","Rum","2 oz ","Kool-Aid","4 oz Grape "
14157,"Ziemes Martini Apfelsaft","Ordinary Drink","Collins Glass","Alcoholic","Serve without ice. At least the juice shold have room temperature.","Vermouth","4 cl ","Apple juice","16 cl ","",""
